{
	"/": [
		"src/routes/+page.server.js"
	],
	"/aboutus": [],
	"/accessory": [
		"src/routes/accessory/+page.server.js"
	],
	"/accessory/[title]": [
		"src/routes/accessory/[title]/+page.server.js"
	],
	"/addproduct": [],
	"/books": [
		"src/routes/books/+page.server.js"
	],
	"/books/[title]": [
		"src/routes/books/[title]/+page.server.js"
	],
	"/cart": [
		"src/routes/cart/+page.server.js"
	],
	"/clothes": [
		"src/routes/clothes/+page.server.js"
	],
	"/clothes/[title]": [
		"src/routes/clothes/[title]/+page.server.js"
	],
	"/helpcenter": [],
	"/helpcenter/exchange-return": [],
	"/helpcenter/how-to-shop": [],
	"/helpcenter/payment": [],
	"/likes": [
		"src/routes/likes/+page.server.js"
	],
	"/login": [],
	"/payment": [
		"src/routes/payment/+page.server.js"
	],
	"/product": [
		"src/routes/product/+page.server.js"
	],
	"/product/[title]": [
		"src/routes/product/[title]/+page.server.js"
	],
	"/profile": [],
	"/register": []
}